source,filename,relative_path,absolute_path,pages,sha256,title,author
NCERT,fegp101.pdf,fegp1dd/fegp101.pdf,/home/jiitcah.05/nlp_research_module/datasets/raw_docs/fegp1dd/fegp101.pdf,17,9a2ff6ddbbd42bbd140a340c20ab27d4e7b8626148518acbb5adca7b93644347,,
NCERT,fegp102.pdf,fegp1dd/fegp102.pdf,/home/jiitcah.05/nlp_research_module/datasets/raw_docs/fegp1dd/fegp102.pdf,53,057f2a0a5e74afd850f2b8e41315d58fa2b9409fbd587f7d9b92a7420f190db1,,
NCERT,fegp103.pdf,fegp1dd/fegp103.pdf,/home/jiitcah.05/nlp_research_module/datasets/raw_docs/fegp1dd/fegp103.pdf,32,c33f3769dc238bf1593ae3bc16c8721d422fe4e57d79b18f085b1ed1669f9cdb,,
NCERT,fegp104.pdf,fegp1dd/fegp104.pdf,/home/jiitcah.05/nlp_research_module/datasets/raw_docs/fegp1dd/fegp104.pdf,44,8f7d28bab6f2108de771ff4a16c03a383b0e23a2f5699f8cf41915bbf0a921f2,,
NCERT,fegp105.pdf,fegp1dd/fegp105.pdf,/home/jiitcah.05/nlp_research_module/datasets/raw_docs/fegp1dd/fegp105.pdf,33,467aa97ca5a18533a7738ddd57020de3d322c63013018edd06714ac23436dabf,,
NCERT,fegp106.pdf,fegp1dd/fegp106.pdf,/home/jiitcah.05/nlp_research_module/datasets/raw_docs/fegp1dd/fegp106.pdf,29,f03f2030420f0f1aa173348bd4fbb3b133a4b8de93cb56db9f5085d5c03a4d53,,
NCERT,fegp107.pdf,fegp1dd/fegp107.pdf,/home/jiitcah.05/nlp_research_module/datasets/raw_docs/fegp1dd/fegp107.pdf,50,c142b8d472ced617817fb9986e73e44656a9d8c0693e80228f7e0a21d8817e12,,
NCERT,fegp108.pdf,fegp1dd/fegp108.pdf,/home/jiitcah.05/nlp_research_module/datasets/raw_docs/fegp1dd/fegp108.pdf,38,7c777e26cad8154b5bb55308c36cc47173084ad1ec1ad3c2f5a7cf863e132e53,,
NCERT,fegp109.pdf,fegp1dd/fegp109.pdf,/home/jiitcah.05/nlp_research_module/datasets/raw_docs/fegp1dd/fegp109.pdf,40,2a675ebe6523c343d88ae43ba173a8dabac2881e3caabeffa8d0379435f02f04,,
NCERT,fegp110.pdf,fegp1dd/fegp110.pdf,/home/jiitcah.05/nlp_research_module/datasets/raw_docs/fegp1dd/fegp110.pdf,56,2c286fb7a738c1f17824a338248b40ccaaf0733f6f37b356c6349e27e317f2ec,,
NCERT,fegp1ps.pdf,fegp1dd/fegp1ps.pdf,/home/jiitcah.05/nlp_research_module/datasets/raw_docs/fegp1dd/fegp1ps.pdf,20,902147cff853df0023b4e13293711573562bf42abf91253e5045e877c76d51df,,
NCERT,gegp101.pdf,gegp1dd/gegp101.pdf,/home/jiitcah.05/nlp_research_module/datasets/raw_docs/gegp1dd/gegp101.pdf,38,5e2cc8878ff163c7a40bfce14fe322d590d6f6f326423f654a1ece84ef6db5d5,,
NCERT,gegp102.pdf,gegp1dd/gegp102.pdf,/home/jiitcah.05/nlp_research_module/datasets/raw_docs/gegp1dd/gegp102.pdf,40,3f9a4898905a8043a72c49f7c49e52658a0877dafdb277dc3d9c5f628d8cee99,,
NCERT,gegp103.pdf,gegp1dd/gegp103.pdf,/home/jiitcah.05/nlp_research_module/datasets/raw_docs/gegp1dd/gegp103.pdf,55,1c723a273318d9d7b146830ca1fd365af64b384c1290f363852ec63d4312642c,,
NCERT,gegp104.pdf,gegp1dd/gegp104.pdf,/home/jiitcah.05/nlp_research_module/datasets/raw_docs/gegp1dd/gegp104.pdf,41,34f6d4228ab4cff1f9804622aefd55518c6e4cf013acf2eaf5e5d92ebb3e333b,,
NCERT,gegp105.pdf,gegp1dd/gegp105.pdf,/home/jiitcah.05/nlp_research_module/datasets/raw_docs/gegp1dd/gegp105.pdf,34,0215377a79c8ca5e673fdef22c39aed98c9a92e3d9725b616e61b9a97fda25ed,,
NCERT,gegp106.pdf,gegp1dd/gegp106.pdf,/home/jiitcah.05/nlp_research_module/datasets/raw_docs/gegp1dd/gegp106.pdf,32,cad0c8c0d298550c6d9db0b855be037cee5af4856da286fc7fb4af7a8739a166,,
NCERT,gegp107.pdf,gegp1dd/gegp107.pdf,/home/jiitcah.05/nlp_research_module/datasets/raw_docs/gegp1dd/gegp107.pdf,34,e6c4aee5b9f7d24be24b999d0a52c04c9e977a9d48c9e577a8f93dade000e359,,
NCERT,gegp108.pdf,gegp1dd/gegp108.pdf,/home/jiitcah.05/nlp_research_module/datasets/raw_docs/gegp1dd/gegp108.pdf,39,649d566aabbdc5508096e279669edeb96c0cf9a03caa71933c383e2a80538034,,
NCERT,gegp1ps.pdf,gegp1dd/gegp1ps.pdf,/home/jiitcah.05/nlp_research_module/datasets/raw_docs/gegp1dd/gegp1ps.pdf,18,d05d0fe3524eaa7727683387787f04c84f3d444e9f6b4b44819b97a6ee023d2c,,
NCERT,gegp201.pdf,gegp2dd/gegp201.pdf,/home/jiitcah.05/nlp_research_module/datasets/raw_docs/gegp2dd/gegp201.pdf,23,5c3bf1c0b399fb415696bd3edb2e9bb248806ff4359b81860e4d5985dc4b2e74,,
NCERT,gegp202.pdf,gegp2dd/gegp202.pdf,/home/jiitcah.05/nlp_research_module/datasets/raw_docs/gegp2dd/gegp202.pdf,23,f1fcfba8edb1fe7ae4007430b15777890ee77bc920f6fa3b9302c809a7d52011,,
NCERT,gegp203.pdf,gegp2dd/gegp203.pdf,/home/jiitcah.05/nlp_research_module/datasets/raw_docs/gegp2dd/gegp203.pdf,20,f2bcd34a7ea217badd90ebda2829c365b6a2dd0ce5f63dc11e7a1a6437f0093d,,
NCERT,gegp204.pdf,gegp2dd/gegp204.pdf,/home/jiitcah.05/nlp_research_module/datasets/raw_docs/gegp2dd/gegp204.pdf,30,de3ff27baad26a24ebfa498433bb12d184131f5cb0661ba9825707cdd65ee233,,
NCERT,gegp205.pdf,gegp2dd/gegp205.pdf,/home/jiitcah.05/nlp_research_module/datasets/raw_docs/gegp2dd/gegp205.pdf,39,08a56fb462cf4d0568f6e72db023ebafebd73aa72d61bbb65a1e9e1e0ddc953d,,
NCERT,gegp206.pdf,gegp2dd/gegp206.pdf,/home/jiitcah.05/nlp_research_module/datasets/raw_docs/gegp2dd/gegp206.pdf,28,3516883abf7943f4b33bb0880971542166672357f0cfbbee8c6dcb30dd9b0bbe,,
NCERT,gegp207.pdf,gegp2dd/gegp207.pdf,/home/jiitcah.05/nlp_research_module/datasets/raw_docs/gegp2dd/gegp207.pdf,35,d067e703f929400fba03a7d8606662003feeb3840fd9e538a0b85ce1ca823dea,,
NCERT,gegp2ps.pdf,gegp2dd/gegp2ps.pdf,/home/jiitcah.05/nlp_research_module/datasets/raw_docs/gegp2dd/gegp2ps.pdf,18,59a3b897ce08f71605805ee73ecbfeef126a930bc0d9a3716d15e9dcf2c430aa,,
NCERT,hegp101.pdf,hegp1dd/hegp101.pdf,/home/jiitcah.05/nlp_research_module/datasets/raw_docs/hegp1dd/hegp101.pdf,22,5bff054e99d47c7ef525a5a038f8d7304c7342e7b396752839d832fe431c8b7d,,
NCERT,hegp102.pdf,hegp1dd/hegp102.pdf,/home/jiitcah.05/nlp_research_module/datasets/raw_docs/hegp1dd/hegp102.pdf,38,400d905fd0cc06dfa66c13947b243a2f102086f91cef8dbb8cf2ac4352647fdc,,
NCERT,hegp103.pdf,hegp1dd/hegp103.pdf,/home/jiitcah.05/nlp_research_module/datasets/raw_docs/hegp1dd/hegp103.pdf,46,a7ff2708e1a325cd2883b551bfa080116b76a6828be2d0748f436d8c6b2f7e31,,
NCERT,hegp104.pdf,hegp1dd/hegp104.pdf,/home/jiitcah.05/nlp_research_module/datasets/raw_docs/hegp1dd/hegp104.pdf,39,6e5cc17aad981c1cfd2d494cdbe646a232c66d7e33e3fc9c41795b3eecd9773b,,
NCERT,hegp105.pdf,hegp1dd/hegp105.pdf,/home/jiitcah.05/nlp_research_module/datasets/raw_docs/hegp1dd/hegp105.pdf,37,be42c7861c9dd363df01c5173635cf4a44de1b7ef98942c0f439a3e45e4a9714,,
NCERT,hegp106.pdf,hegp1dd/hegp106.pdf,/home/jiitcah.05/nlp_research_module/datasets/raw_docs/hegp1dd/hegp106.pdf,35,e61e89b86b4a13a15b05ef419e140394b0604f243ae9d75e8dc1ff42cd0164a2,,
NCERT,hegp107.pdf,hegp1dd/hegp107.pdf,/home/jiitcah.05/nlp_research_module/datasets/raw_docs/hegp1dd/hegp107.pdf,30,fa57f58fe2e00e2fda965ff731677b6c98ec2f7d15f7c493761d7e64c78e9655,,
NCERT,hegp1ps.pdf,hegp1dd/hegp1ps.pdf,/home/jiitcah.05/nlp_research_module/datasets/raw_docs/hegp1dd/hegp1ps.pdf,16,e08bdb82e719ba12a1b2482c94629a4f35df91852539b4413f2a26e9eaab3dfd,,
NCERT,hegp201.pdf,hegp2dd/hegp201.pdf,/home/jiitcah.05/nlp_research_module/datasets/raw_docs/hegp2dd/hegp201.pdf,32,86cfb50d292280dd30b5d8a70f62b060fd8496fdb7975e32d4eecbbe8050af37,,
NCERT,hegp202.pdf,hegp2dd/hegp202.pdf,/home/jiitcah.05/nlp_research_module/datasets/raw_docs/hegp2dd/hegp202.pdf,22,c4620bea2d56af50a6b759b34b6754863473c60a453548d0f791db7e1e9bfab6,,
NCERT,hegp203.pdf,hegp2dd/hegp203.pdf,/home/jiitcah.05/nlp_research_module/datasets/raw_docs/hegp2dd/hegp203.pdf,15,e863bec516556be8cfaa2c77d5f2ff5f6d0de03bae6f67908310d2563e2ebddc,,
NCERT,hegp204.pdf,hegp2dd/hegp204.pdf,/home/jiitcah.05/nlp_research_module/datasets/raw_docs/hegp2dd/hegp204.pdf,33,7ce5eee54576d367c51d59aea1985a55d8e0eba74434265a76d064b3b54214ef,,
NCERT,hegp205.pdf,hegp2dd/hegp205.pdf,/home/jiitcah.05/nlp_research_module/datasets/raw_docs/hegp2dd/hegp205.pdf,32,73a3818f47e42d5415cc4df82c21b4ade71ebaaea58238f329ce7d94ae451653,,
NCERT,hegp206.pdf,hegp2dd/hegp206.pdf,/home/jiitcah.05/nlp_research_module/datasets/raw_docs/hegp2dd/hegp206.pdf,13,24d0580fb1b50295626bdb9130654b9f8a7ae6e879eeccaa7f7fd8b8b6e80a5b,,
NCERT,hegp207.pdf,hegp2dd/hegp207.pdf,/home/jiitcah.05/nlp_research_module/datasets/raw_docs/hegp2dd/hegp207.pdf,29,a525f2c348fc53cf899189210da1b2a3a0c93e21310ad853bddf3df528e33a24,,
NCERT,hegp2ps.pdf,hegp2dd/hegp2ps.pdf,/home/jiitcah.05/nlp_research_module/datasets/raw_docs/hegp2dd/hegp2ps.pdf,16,c5f4d86252edb391401831f279ab5f2065ecb2f2d0631607aa4044e5a0d74cc8,,
NCERT,iemh101.pdf,iemh1dd/iemh101.pdf,/home/jiitcah.05/nlp_research_module/datasets/raw_docs/iemh1dd/iemh101.pdf,15,bd5267d4f51e3ef2c091d3dfe70feffa717e5c2ca3fa010aef0f5bb36e8801e7,,
NCERT,iemh102.pdf,iemh1dd/iemh102.pdf,/home/jiitcah.05/nlp_research_module/datasets/raw_docs/iemh1dd/iemh102.pdf,25,dbc30792858fa1858d248e4802977cb794b537c1a49f166e2777ea37baf57b02,,
NCERT,iemh103.pdf,iemh1dd/iemh103.pdf,/home/jiitcah.05/nlp_research_module/datasets/raw_docs/iemh1dd/iemh103.pdf,27,f1b291650c2139f101ef623f124aa7bc4ed654771c9c557334089f08acc697a9,,
NCERT,iemh104.pdf,iemh1dd/iemh104.pdf,/home/jiitcah.05/nlp_research_module/datasets/raw_docs/iemh1dd/iemh104.pdf,24,c18321e78f4da53ccc2e587a143597678ce0e48f0d7bd31d3a8794684ac1d70e,,
NCERT,iemh105.pdf,iemh1dd/iemh105.pdf,/home/jiitcah.05/nlp_research_module/datasets/raw_docs/iemh1dd/iemh105.pdf,26,f35918e40c5d5ca72b1a9499081ab65a46bddbb625d0188a4597fdca9db71393,,
NCERT,iemh106.pdf,iemh1dd/iemh106.pdf,/home/jiitcah.05/nlp_research_module/datasets/raw_docs/iemh1dd/iemh106.pdf,37,82afd11834306e742e8c33c8f2b6cb85f346372675e76bec906a857175503a54,,
NCERT,iemh107.pdf,iemh1dd/iemh107.pdf,/home/jiitcah.05/nlp_research_module/datasets/raw_docs/iemh1dd/iemh107.pdf,19,1093d94c576a695b1fbc6c04d7e2b98001d67340b54ec5ca5c993df4b5698444,,
NCERT,iemh108.pdf,iemh1dd/iemh108.pdf,/home/jiitcah.05/nlp_research_module/datasets/raw_docs/iemh1dd/iemh108.pdf,27,71fa97928a2aeff91b97f5ac3bc9b8efea2a31b186dffcc9a62029932b355d92,,
NCERT,iemh1ps.pdf,iemh1dd/iemh1ps.pdf,/home/jiitcah.05/nlp_research_module/datasets/raw_docs/iemh1dd/iemh1ps.pdf,20,e2e2f01f4ccba8fd5d9dbe7a48af89d882e3518e4e889ca139805b76cf43aca9,,
NCERT,jemh101.pdf,jemh1dd/jemh101.pdf,/home/jiitcah.05/nlp_research_module/datasets/raw_docs/jemh1dd/jemh101.pdf,9,bd6466e8e7d437af89d7e640ff8381e68b57f91bf56cd4ce345ca031091d748f,Chap-1 (8th Nov.),admin
NCERT,jemh102.pdf,jemh1dd/jemh102.pdf,/home/jiitcah.05/nlp_research_module/datasets/raw_docs/jemh1dd/jemh102.pdf,14,f040ca888111fc005d6c1ed4153bbaddaeb3d001272b7a952e2421bb3190250d,Chap-2 (8th Nov.),admin
NCERT,jemh103.pdf,jemh1dd/jemh103.pdf,/home/jiitcah.05/nlp_research_module/datasets/raw_docs/jemh1dd/jemh103.pdf,14,d04ef69d830a97243be9bd1cab0aa82399056f0f4a621bb71bbe97ecd1dfa147,Chap-3 (8th Nov.),admin
NCERT,jemh104.pdf,jemh1dd/jemh104.pdf,/home/jiitcah.05/nlp_research_module/datasets/raw_docs/jemh1dd/jemh104.pdf,11,9aca4b28ad57ae78a5e69ce67d19344c44b1390c5b8afd13db83b46ad54e8e9d,Chap–4 (8th Nov.) fian,admin
NCERT,jemh105.pdf,jemh1dd/jemh105.pdf,/home/jiitcah.05/nlp_research_module/datasets/raw_docs/jemh1dd/jemh105.pdf,24,1367857e5cd3206b1862655d17bf31778e6af768821d8dfc8c71d3ea0e19274c,Chap-5 (8th Nov.),admin
NCERT,jemh106.pdf,jemh1dd/jemh106.pdf,/home/jiitcah.05/nlp_research_module/datasets/raw_docs/jemh1dd/jemh106.pdf,26,028a1243ccd005e952fca0f9c498be86cd526b74deb0bc6cd5147e15eef12f58,Chap–6 (10th Nov.),admin
NCERT,jemh107.pdf,jemh1dd/jemh107.pdf,/home/jiitcah.05/nlp_research_module/datasets/raw_docs/jemh1dd/jemh107.pdf,14,ca7a4c2071221ddad13eca8c3bf2deba6be2f21b2a47b07f10443131bad53f04,Chap–7 (10th Nov.),admin
NCERT,jemh108.pdf,jemh1dd/jemh108.pdf,/home/jiitcah.05/nlp_research_module/datasets/raw_docs/jemh1dd/jemh108.pdf,20,5a4033fd2ab3fbb245f783a3e2c24fb5c31a00ae7fa7b9a7212633d11e06d2ac,Chap–8 (11th Nov.),admin
NCERT,jemh109.pdf,jemh1dd/jemh109.pdf,/home/jiitcah.05/nlp_research_module/datasets/raw_docs/jemh1dd/jemh109.pdf,11,89c6c125039bfb8c7708b6bc5a27321021de629d4a1608f7f94812a96698f63f,Chap–9 (11th Nov.),admin
NCERT,jemh110.pdf,jemh1dd/jemh110.pdf,/home/jiitcah.05/nlp_research_module/datasets/raw_docs/jemh1dd/jemh110.pdf,10,aef0ee7e58d4ec4dc043e943843da7981b4b782483b7b8b8bcdd08657bad1ae3,Chap–10 (11th Nov.),admin
NCERT,jemh111.pdf,jemh1dd/jemh111.pdf,/home/jiitcah.05/nlp_research_module/datasets/raw_docs/jemh1dd/jemh111.pdf,7,1c73d7750139b63e98acf3682a7cae1a9bd163ed40d8e90e2199ab72e99c73b1,Chap-11 (11th Nov.),admin
NCERT,jemh112.pdf,jemh1dd/jemh112.pdf,/home/jiitcah.05/nlp_research_module/datasets/raw_docs/jemh1dd/jemh112.pdf,10,5108400be07a99d6df322df607b90d51ba841f8a060276d05f9e75accc2b8be9,Chap-12 (14th Nov.),admin
NCERT,jemh113.pdf,jemh1dd/jemh113.pdf,/home/jiitcah.05/nlp_research_module/datasets/raw_docs/jemh1dd/jemh113.pdf,31,18815e1f62dfd05048e7539a2444007409b3d20b6dc62a57f69702f236511929,Chap-13 (14th Nov.),admin
NCERT,jemh114.pdf,jemh1dd/jemh114.pdf,/home/jiitcah.05/nlp_research_module/datasets/raw_docs/jemh1dd/jemh114.pdf,16,d5f516dc7109fe926ae7388aac3f4b87a776e41098fc517baec0eec000528d11,Chap–14 (14th Nov.),admin
NCERT,jemh1a1.pdf,jemh1dd/jemh1a1.pdf,/home/jiitcah.05/nlp_research_module/datasets/raw_docs/jemh1dd/jemh1a1.pdf,21,aef72199e2c1f2386208351003fc1a5dae1ad71b2b584f004ca2a9b2214a5cf4,Appendix-1 (15th Nov.),admin
NCERT,jemh1a2.pdf,jemh1dd/jemh1a2.pdf,/home/jiitcah.05/nlp_research_module/datasets/raw_docs/jemh1dd/jemh1a2.pdf,11,d72497120582d1ee328965e67dba27c9adcd7daa9502557263ea31eb9bd6f5d2,Appendix-2 (15th Nov.),admin
NCERT,jemh1an.pdf,jemh1dd/jemh1an.pdf,/home/jiitcah.05/nlp_research_module/datasets/raw_docs/jemh1dd/jemh1an.pdf,13,02dadcf156d050b2dfa97de75be35ca4b5649f88d8f096c7bf45941337e81968,Answers.pmd,admin
NCERT,jemh1ps.pdf,jemh1dd/jemh1ps.pdf,/home/jiitcah.05/nlp_research_module/datasets/raw_docs/jemh1dd/jemh1ps.pdf,14,62867d1b27b42e110948ee1301446a15e89ed386e04bb5b29dc6e301fa679f94,Prelims.pmd,admin
NCERT,kemh101.pdf,kemh1dd/kemh101.pdf,/home/jiitcah.05/nlp_research_module/datasets/raw_docs/kemh1dd/kemh101.pdf,23,5e0c0b629e68222bc31fd35d952c5e6b19db23d835cff3cf1c1b7b780e55f798,D:\Textbooks\Rationalised Textbooks 2022-23\11076 — Mathematics\1 Source Files\CH_1\FINAL Ch_1 02.01.06.pmd,admin
NCERT,kemh102.pdf,kemh1dd/kemh102.pdf,/home/jiitcah.05/nlp_research_module/datasets/raw_docs/kemh1dd/kemh102.pdf,19,78814c5329d1d3581440ed31ea57a00530441e00e775908ec01504b7b676829d,D:\Textbooks\Rationalised Textbooks 2022-23\11076 — Mathematics\1 Source Files\CH_2\Ch__2FINAL -04.01.PMD,admin
NCERT,kemh103.pdf,kemh1dd/kemh103.pdf,/home/jiitcah.05/nlp_research_module/datasets/raw_docs/kemh1dd/kemh103.pdf,33,f56f55f3bce8c81fdc5aff851e7f3b518c2a926f6165bab071b256ab3096a37e,D:\Textbooks\Rationalised Textbooks 2022-23\11076 — Mathematics\1 Source Files\CH_3\Ch_03_FINAL  02.01.PMD,admin
NCERT,kemh104.pdf,kemh1dd/kemh104.pdf,/home/jiitcah.05/nlp_research_module/datasets/raw_docs/kemh1dd/kemh104.pdf,13,a1c0708f4588b85d75254bd1825c4248598c1dc0da482056225d411d40a638e2,D:\Textbooks\Rationalised Textbooks 2022-23\11076 — Mathematics\1 Source Files\CH_4\Ch_04 FINAL _04.01.PMD,admin
NCERT,kemh105.pdf,kemh1dd/kemh105.pdf,/home/jiitcah.05/nlp_research_module/datasets/raw_docs/kemh1dd/kemh105.pdf,11,fb49d11c1f59ca25c9b0a9489cf808fe25ecd871aabf07a3c7142c9e896bd3d1,D:\Textbooks\Rationalised Textbooks 2022-23\11076 — Mathematics\1 Source Files\CH_5\Linear Ineaqualities.PMD,admin
NCERT,kemh106.pdf,kemh1dd/kemh106.pdf,/home/jiitcah.05/nlp_research_module/datasets/raw_docs/kemh1dd/kemh106.pdf,26,14d21d90a15339a19a4a32b773b3f23618c061d0d55cd444cca3a1295400bd42,D:\Textbooks\Rationalised Textbooks 2022-23\11076 — Mathematics\1 Source Files\CH_7\Permutation and Combinations.PMD,admin
NCERT,kemh107.pdf,kemh1dd/kemh107.pdf,/home/jiitcah.05/nlp_research_module/datasets/raw_docs/kemh1dd/kemh107.pdf,9,421f2fb76773dc87f109f7a5eb9c27b997d540759a070084e15190e107c52d0a,D:\Textbooks\Rationalised Textbooks 2022-23\11076 — Mathematics\1 Source Files\CH_8\Binomial Theorem FINAL.PMD,admin
NCERT,kemh108.pdf,kemh1dd/kemh108.pdf,/home/jiitcah.05/nlp_research_module/datasets/raw_docs/kemh1dd/kemh108.pdf,16,981289b5700e34750d420c072e0e24b7c63147a9fe0c9e13d25b3f03e3478aba,D:\Textbooks\Rationalised Textbooks 2022-23\11076 — Mathematics\1 Source Files\CH_8\Sequence & Series.PMD,admin
NCERT,kemh109.pdf,kemh1dd/kemh109.pdf,/home/jiitcah.05/nlp_research_module/datasets/raw_docs/kemh1dd/kemh109.pdf,25,a162e0c15553689ad82f91b3595c87dcbc4b9f03a0a31660f61da1871167d385,D:\Textbooks\Rationalised Textbooks 2022-23\11076 — Mathematics\1 Source Files\CH_9\Chapter_9 Straight Lines.PMD,admin
NCERT,kemh110.pdf,kemh1dd/kemh110.pdf,/home/jiitcah.05/nlp_research_module/datasets/raw_docs/kemh1dd/kemh110.pdf,32,f4c1153fc0b2d647b2e67e46b83fb790d630936a6c2c5a402d2a4b44ff5bde4b,D:\Textbooks\Rationalised Textbooks 2022-23\11076 — Mathematics\1 Source Files\CH_10\Conic Section.PMD,admin
NCERT,kemh111.pdf,kemh1dd/kemh111.pdf,/home/jiitcah.05/nlp_research_module/datasets/raw_docs/kemh1dd/kemh111.pdf,9,a122b628970880c7a9738ba64a440e55d16a931800ae0e0e162cf7d5f9cef561,D:\Textbooks\Rationalised Textbooks 2022-23\11076 — Mathematics\1 Source Files\CH_11\Chapter-11.PMD,admin
NCERT,kemh112.pdf,kemh1dd/kemh112.pdf,/home/jiitcah.05/nlp_research_module/datasets/raw_docs/kemh1dd/kemh112.pdf,40,958f84db2b6254741392033e67e2467c55742af4f21b54065334982f703b1ce0,D:\Textbooks\Rationalised Textbooks 2022-23\11076 — Mathematics\1 Source Files\CH_12\Limit and Derivatives.PMD,admin
NCERT,kemh113.pdf,kemh1dd/kemh113.pdf,/home/jiitcah.05/nlp_research_module/datasets/raw_docs/kemh1dd/kemh113.pdf,32,a49176920c5960318e0912b79de0190e55f3d4f6d9d2a0af3d7623bad5244a6a,D:\Textbooks\Rationalised Textbooks 2022-23\11076 — Mathematics\1 Source Files\CH_13\Statistical.PMD,admin
NCERT,kemh114.pdf,kemh1dd/kemh114.pdf,/home/jiitcah.05/nlp_research_module/datasets/raw_docs/kemh1dd/kemh114.pdf,25,5fa16487face00ddff9fe2b4668fb3bdac0e0694a4ca515616ffea89506ac4ee,D:\Textbooks\Rationalised Textbooks 2022-23\11076 — Mathematics\1 Source Files\CH_16\Probability.PMD,admin
NCERT,kemh1a1.pdf,kemh1dd/kemh1a1.pdf,/home/jiitcah.05/nlp_research_module/datasets/raw_docs/kemh1dd/kemh1a1.pdf,9,7c900ad40d3c33c7efd592110555dd643e9d4cb170dcacdd00ad74e0ad45ff4b,D:\Textbooks\Rationalised Textbooks 2022-23\11076 — Mathematics\1 Source Files\APPENDIX 1\Appendix A (Ch_187) FINAL 05.01.PMD,admin
NCERT,kemh1a2.pdf,kemh1dd/kemh1a2.pdf,/home/jiitcah.05/nlp_research_module/datasets/raw_docs/kemh1dd/kemh1a2.pdf,12,44815596e91e5db458101c92cb143253dff6413a17b9776986415b5ad3e3ba2a,D:\Textbooks\Rationalised Textbooks 2022-23\11076 — Mathematics\1 Source Files\APPENDIX 2\Mathematical Modelling Appendix 2.PMD,admin
NCERT,kemh1an.pdf,kemh1dd/kemh1an.pdf,/home/jiitcah.05/nlp_research_module/datasets/raw_docs/kemh1dd/kemh1an.pdf,22,fe04d7d4517211c81f0033a58d703d75b09d87bac75479e8592ffe530a17913b,D:\Textbooks\Rationalised Textbooks 2022-23\11076 — Mathematics\1 Source Files\ANSWERS\Answers Key.pmd,admin
NCERT,kemh1ps.pdf,kemh1dd/kemh1ps.pdf,/home/jiitcah.05/nlp_research_module/datasets/raw_docs/kemh1dd/kemh1ps.pdf,12,cd9c1697533ef25daed84bff0c93d305978485edb88564168357ad62d983c45e,D:\Textbooks\Rationalised Textbooks 2022-23\11076 — Mathematics\1 Source Files\Prelims\Prelims.pmd,admin
NCERT,kemh1sm.pdf,kemh1dd/kemh1sm.pdf,/home/jiitcah.05/nlp_research_module/datasets/raw_docs/kemh1dd/kemh1sm.pdf,8,b367c23e57dec765249f3506269c2d3a7f4d4ba9c6c0a88c3fe65603c3f6adae,D:\Textbooks\Rationalised Textbooks 2022-23\11076 — Mathematics\1 Source Files\Supplementary Material\supplimentary material for mathematics class-XI.pmd,admin
EXEMPLAR,jeep201.pdf,10th_maths/jeep201.pdf,/home/jiitcah.05/nlp_research_module/datasets/exemplar_raw/10th_maths/jeep201.pdf,7,fc086ce751578d627b0a0ca8d30e420d8ecbc82df2b23fbf7ae2f472f9540599,Ch-1 (26-2-2009).pmd,NCERT
EXEMPLAR,jeep202.pdf,10th_maths/jeep202.pdf,/home/jiitcah.05/nlp_research_module/datasets/exemplar_raw/10th_maths/jeep202.pdf,8,9a52d86311c46198975ac6f16e55c7c485738deeeb45740ff842fd0dc595fbc9,Ch-2  (26-2-2009).pmd,NCERT
EXEMPLAR,jeep203.pdf,10th_maths/jeep203.pdf,/home/jiitcah.05/nlp_research_module/datasets/exemplar_raw/10th_maths/jeep203.pdf,19,1df95896811850fcd3610ec326ec285a5d2cb1157d9381d93aa9699cf89e3af1,Ch_3 (26-2-2009).pmd,NCERT
EXEMPLAR,jeep204.pdf,10th_maths/jeep204.pdf,/home/jiitcah.05/nlp_research_module/datasets/exemplar_raw/10th_maths/jeep204.pdf,9,e9f33b659ccba4d716b4ed5632d7c7cf0e9e6fa9a99ec1c3396a917d17bdee0c,Ch-4 (26-2-2009).pmd,NCERT
EXEMPLAR,jeep205.pdf,10th_maths/jeep205.pdf,/home/jiitcah.05/nlp_research_module/datasets/exemplar_raw/10th_maths/jeep205.pdf,15,2ccae635d64f6cb4606acc402bbeaab10c289da416ac85f573f52df71b6f3883,Ch-5 (26-2-2009).pmd,NCERT
EXEMPLAR,jeep206.pdf,10th_maths/jeep206.pdf,/home/jiitcah.05/nlp_research_module/datasets/exemplar_raw/10th_maths/jeep206.pdf,18,6c273b3ffb2f2a4556c06c39db1920b0959b4c415795b075e61ca9f2ee23a42a,C:\Users\NCERT\Desktop\hhhhhhhh.oxps,NCERT
EXEMPLAR,jeep207.pdf,10th_maths/jeep207.pdf,/home/jiitcah.05/nlp_research_module/datasets/exemplar_raw/10th_maths/jeep207.pdf,10,09417c5e472fc85c49e890b3ae643fb04038eddda39eeb47777d7151847fbd9e,Ch-7-(26-2-2009).pmd,NCERT
EXEMPLAR,jeep208.pdf,10th_maths/jeep208.pdf,/home/jiitcah.05/nlp_research_module/datasets/exemplar_raw/10th_maths/jeep208.pdf,14,10c29407405faad1e1d848df3f09e4468b05ffa77f139e4926dcff8746984b2c,Ch-8 (26.2.2009).pmd,NCERT
EXEMPLAR,jeep209.pdf,10th_maths/jeep209.pdf,/home/jiitcah.05/nlp_research_module/datasets/exemplar_raw/10th_maths/jeep209.pdf,12,be0425d48eec0f27982b8b6315785b7e5a35bb12a31bc5cdfac7b7dedc090d31,Ch-9-(26-2-2009).pmd,NCERT
EXEMPLAR,jeep210.pdf,10th_maths/jeep210.pdf,/home/jiitcah.05/nlp_research_module/datasets/exemplar_raw/10th_maths/jeep210.pdf,6,2b25f68ae08d2d8adace833e93e53e317ce2ecdd5c9c2a171087a39b66a0c7d1,Ch-10-(26-2-2009).pmd,NCERT
EXEMPLAR,jeep211.pdf,10th_maths/jeep211.pdf,/home/jiitcah.05/nlp_research_module/datasets/exemplar_raw/10th_maths/jeep211.pdf,17,c859a91d2ebb56a5bffd738ffd633cd30b8fdc9efaa0480c05b432304326dcce,Ch-11 (26-2-2009).pmd,NCERT
EXEMPLAR,jeep212.pdf,10th_maths/jeep212.pdf,/home/jiitcah.05/nlp_research_module/datasets/exemplar_raw/10th_maths/jeep212.pdf,17,827e9cba8c4c39402b2918c52cb2f8707cb9f8ca9c24127e3d507cd98af1e1b4,Ch_12 (26-2-2009).pmd,NCERT
EXEMPLAR,jeep213.pdf,10th_maths/jeep213.pdf,/home/jiitcah.05/nlp_research_module/datasets/exemplar_raw/10th_maths/jeep213.pdf,22,e7507c9879c593599ab65cd38d25238e8da3668dbd3920f4f97dd4418b48ce1a,Ch_13 (26-2-2009).pmd,NCERT
EXEMPLAR,jeep214.pdf,10th_maths/jeep214.pdf,/home/jiitcah.05/nlp_research_module/datasets/exemplar_raw/10th_maths/jeep214.pdf,16,18f895ad15863e5da3b4e428c30ad409fdca709b11d6473811ad3d86b877a84a,Question Paper_1-(3-3-2009).pmd,NCERT
EXEMPLAR,jeep215.pdf,10th_maths/jeep215.pdf,/home/jiitcah.05/nlp_research_module/datasets/exemplar_raw/10th_maths/jeep215.pdf,18,c11420e2f52b613ba4681cb4750d28ec966463fda1b80f0cf721e98955471480,Question Paper_II-(26-2-2009).pmd,NCERT
EXEMPLAR,keep201.pdf,11th_maths/keep201.pdf,/home/jiitcah.05/nlp_research_module/datasets/exemplar_raw/11th_maths/keep201.pdf,18,e4fcbe0d7b0ebc38cdeda178c78a639be6a631ed65db63409988130f5f854f26,,
EXEMPLAR,keep202.pdf,11th_maths/keep202.pdf,/home/jiitcah.05/nlp_research_module/datasets/exemplar_raw/11th_maths/keep202.pdf,15,982c2353b6631b1acd5c39e91a9cfdaff1ac70d89aad02c17e3eb85624f613de,,
EXEMPLAR,keep203.pdf,11th_maths/keep203.pdf,/home/jiitcah.05/nlp_research_module/datasets/exemplar_raw/11th_maths/keep203.pdf,27,6f5bd8e29f511aa3da3e964fcd5f05c27d1b04346a520d3c18dd31ce79c0e628,,
EXEMPLAR,keep204.pdf,11th_maths/keep204.pdf,/home/jiitcah.05/nlp_research_module/datasets/exemplar_raw/11th_maths/keep204.pdf,12,b46ca76b0dd826e143080999dd5b10758e110347ee6a644253c148467f468153,,
EXEMPLAR,keep205.pdf,11th_maths/keep205.pdf,/home/jiitcah.05/nlp_research_module/datasets/exemplar_raw/11th_maths/keep205.pdf,25,e3cd009f0a51cd2a1ccb5503a0a27ab1399743db584ce395e131ce0940ca3a9f,,
EXEMPLAR,keep206.pdf,11th_maths/keep206.pdf,/home/jiitcah.05/nlp_research_module/datasets/exemplar_raw/11th_maths/keep206.pdf,16,8906b7666ea558f47b1b76ffd266050358510a1fd1a0d899b3b8730990dcdfee,,
EXEMPLAR,keep207.pdf,11th_maths/keep207.pdf,/home/jiitcah.05/nlp_research_module/datasets/exemplar_raw/11th_maths/keep207.pdf,15,3792108024c660145560600f9153349a6e87ed3032df5f93efa7a097094a6c52,,
EXEMPLAR,keep208.pdf,11th_maths/keep208.pdf,/home/jiitcah.05/nlp_research_module/datasets/exemplar_raw/11th_maths/keep208.pdf,18,c99f5a4644ee9a758f51f8926df4455f8d89dee91485a3501ce90464f3d69587,,
EXEMPLAR,keep209.pdf,11th_maths/keep209.pdf,/home/jiitcah.05/nlp_research_module/datasets/exemplar_raw/11th_maths/keep209.pdf,18,fae1d2931dc9571f538ff0720af1e208e3181f1a2e5baddf45447ff4097b4dd8,,
EXEMPLAR,keep210.pdf,11th_maths/keep210.pdf,/home/jiitcah.05/nlp_research_module/datasets/exemplar_raw/11th_maths/keep210.pdf,21,3399ed5750f7a95e4cc28228c5b6333da750ad56f97e0d1818deaa8f136d9b66,,
EXEMPLAR,keep211.pdf,11th_maths/keep211.pdf,/home/jiitcah.05/nlp_research_module/datasets/exemplar_raw/11th_maths/keep211.pdf,22,4e8bd68f79a25178691fa7ffb3676f759463b459098600ad01afe1ba112610a8,,
EXEMPLAR,keep212.pdf,11th_maths/keep212.pdf,/home/jiitcah.05/nlp_research_module/datasets/exemplar_raw/11th_maths/keep212.pdf,17,e5375a7b3823e5c2496817be06cc73596657fa50ec7c9865e86fdd06362feebe,,
EXEMPLAR,keep213.pdf,11th_maths/keep213.pdf,/home/jiitcah.05/nlp_research_module/datasets/exemplar_raw/11th_maths/keep213.pdf,21,bf835a3d2656d1057f83eeb16aae14337c2f91883bb35278b92613443fad7f52,,
EXEMPLAR,keep214.pdf,11th_maths/keep214.pdf,/home/jiitcah.05/nlp_research_module/datasets/exemplar_raw/11th_maths/keep214.pdf,24,0bcca173430201872845b8c9eb951a12f02e88882b8262a4cbeb9b5361d9adea,,
EXEMPLAR,keep215.pdf,11th_maths/keep215.pdf,/home/jiitcah.05/nlp_research_module/datasets/exemplar_raw/11th_maths/keep215.pdf,14,3fdf45591676e200bed7f896a7b8cccf61c9e2d4222766d5cdfc4382c2364f7d,,
EXEMPLAR,keep216.pdf,11th_maths/keep216.pdf,/home/jiitcah.05/nlp_research_module/datasets/exemplar_raw/11th_maths/keep216.pdf,19,1ee7c3671b0717d14204e84bbe2b82bc54701235c1646e944326a66e056aad47,,
EXEMPLAR,keep217.pdf,11th_maths/keep217.pdf,/home/jiitcah.05/nlp_research_module/datasets/exemplar_raw/11th_maths/keep217.pdf,18,841627f966f04957a510f1cdc2c77b315753421c1322bfb85cf8feb215991411,,
EXEMPLAR,keep218.pdf,11th_maths/keep218.pdf,/home/jiitcah.05/nlp_research_module/datasets/exemplar_raw/11th_maths/keep218.pdf,14,eab0b82c79377a8852b497e9cb21cf8fc4a369f0917db0217617bd10745bbc76,,
EXEMPLAR,feep101.pdf,6th_maths/feep101.pdf,/home/jiitcah.05/nlp_research_module/datasets/exemplar_raw/6th_maths/feep101.pdf,20,a82a34fff6a1e6d5c28c0b02b7eb9e776f1fced558501e663b0eba692dd55147,Class VI Unit 1_Number System.pmd,dtpcell13
EXEMPLAR,feep102.pdf,6th_maths/feep102.pdf,/home/jiitcah.05/nlp_research_module/datasets/exemplar_raw/6th_maths/feep102.pdf,20,3c9f966a26572d62b52078b26e06c9f20adddb2eee71162a975148dcb9d0baad,GEOMETRY.pmd,admin
EXEMPLAR,feep103.pdf,6th_maths/feep103.pdf,/home/jiitcah.05/nlp_research_module/datasets/exemplar_raw/6th_maths/feep103.pdf,12,e6096fee8f76136123e83a7ae8a758b7abfc75aaa724325b2f8f5f8259f4e28f,Ch_3 Integer.pmd,dtpcell13
EXEMPLAR,feep104.pdf,6th_maths/feep104.pdf,/home/jiitcah.05/nlp_research_module/datasets/exemplar_raw/6th_maths/feep104.pdf,16,93234621e1010fb1863a4467df034326ef1953aad142fe9b126e568755ebb2ca,Fractions and Decimals.pmd,admin
EXEMPLAR,feep105.pdf,6th_maths/feep105.pdf,/home/jiitcah.05/nlp_research_module/datasets/exemplar_raw/6th_maths/feep105.pdf,20,0ce6e59ffc58b5fbfaf2fa113ca203a917f6d3aebd0cbf9ebd38917418266e79,Data Handling.pmd,dtpcell13
EXEMPLAR,feep106.pdf,6th_maths/feep106.pdf,/home/jiitcah.05/nlp_research_module/datasets/exemplar_raw/6th_maths/feep106.pdf,16,398ded71809b00a49ea3b5afc3bc43e2e992522d388bf014f3163b0559fef1b2,Mensuration.pmd,dtpcell13
EXEMPLAR,feep107.pdf,6th_maths/feep107.pdf,/home/jiitcah.05/nlp_research_module/datasets/exemplar_raw/6th_maths/feep107.pdf,12,0d4317616e1f98ca2da62ded2536c7cda59a9d562838610cf105a6804d0fc6f8,ALGEBRA.pmd,admin
EXEMPLAR,feep108.pdf,6th_maths/feep108.pdf,/home/jiitcah.05/nlp_research_module/datasets/exemplar_raw/6th_maths/feep108.pdf,16,6c3977c013e3a6c7506b25ce08f9658a8d536c7496b208383bd58262c61c3fdf,RATIO AND PROPORTION.pmd,admin
EXEMPLAR,feep109.pdf,6th_maths/feep109.pdf,/home/jiitcah.05/nlp_research_module/datasets/exemplar_raw/6th_maths/feep109.pdf,16,638c8855330614e1a7729e41f16f3516c3dc576a3ee171a76b274dc342c8f5ea,Symmetry and Practical.pmd,admin
EXEMPLAR,feep1an.pdf,6th_maths/feep1an.pdf,/home/jiitcah.05/nlp_research_module/datasets/exemplar_raw/6th_maths/feep1an.pdf,18,832143423f086ff74005db42bf7127b2bd612f451e13206d81c104d6c3a9d116,Answers.pmd,surenderkumar
EXEMPLAR,gemp101.pdf,7th_maths/gemp101.pdf,/home/jiitcah.05/nlp_research_module/datasets/exemplar_raw/7th_maths/gemp101.pdf,25,3164c75fb12012d2958d139a62e607ff86fd824fca71f62513bb317eeb90bdb3,Unit-1 Inteters.pmd,dtpcell07
EXEMPLAR,gemp102.pdf,7th_maths/gemp102.pdf,/home/jiitcah.05/nlp_research_module/datasets/exemplar_raw/7th_maths/gemp102.pdf,29,20ef4941e5523ea4528c5b7f16225ee7e9cbf9305be01b5a2e30500642edaa67,Unit-2 Fractions & Decimals.pmd,dtpcell07
EXEMPLAR,gemp103.pdf,7th_maths/gemp103.pdf,/home/jiitcah.05/nlp_research_module/datasets/exemplar_raw/7th_maths/gemp103.pdf,35,77ae970fce865b3a2e4db08a70650b8bba2542978ec77c649cb13b5d38e76d3b,Unit-3 Data Handling.pmd,NCERT
EXEMPLAR,gemp104.pdf,7th_maths/gemp104.pdf,/home/jiitcah.05/nlp_research_module/datasets/exemplar_raw/7th_maths/gemp104.pdf,22,aee72779156336d3d37cbe5182e483905f2cdf59d6dcf57c68b2a9c0c4949e96,Unit-4 simple equation.pmd,dtpcell07
EXEMPLAR,gemp105.pdf,7th_maths/gemp105.pdf,/home/jiitcah.05/nlp_research_module/datasets/exemplar_raw/7th_maths/gemp105.pdf,33,ede98daf588f11cc2f2bf4b03f7e1f0af8bde80c5e5acc4573a242fc3513fd58,Unit- 5 Lines and Angles corrected.pmd,dtpcell07
EXEMPLAR,gemp106.pdf,7th_maths/gemp106.pdf,/home/jiitcah.05/nlp_research_module/datasets/exemplar_raw/7th_maths/gemp106.pdf,36,99e62bcac73fafad91789273cafa724b9daa3f5d77522dffbed52920542d6bc8,Unit_6 Triangles.pmd,dtpcell07
EXEMPLAR,gemp107.pdf,7th_maths/gemp107.pdf,/home/jiitcah.05/nlp_research_module/datasets/exemplar_raw/7th_maths/gemp107.pdf,43,6762bd4cca26b996d42480149caa73e62145497ce6b5257183bc1ee8c53d0dc1,Comparing Quantities.pmd,dtpcell07
EXEMPLAR,gemp108.pdf,7th_maths/gemp108.pdf,/home/jiitcah.05/nlp_research_module/datasets/exemplar_raw/7th_maths/gemp108.pdf,25,425e39fffee0715a81b20c950ac835210fa2ec072beb58b1c9ad1cc940565dd2,Rational Numbers.pmd,dtpcell07
EXEMPLAR,gemp109.pdf,7th_maths/gemp109.pdf,/home/jiitcah.05/nlp_research_module/datasets/exemplar_raw/7th_maths/gemp109.pdf,48,2406523cb5a469e0192819e3bb8f52618dd01302e1ecd3c9da0fb3635a813064,Perimeter and Area.pmd,dtpcell07
EXEMPLAR,gemp110.pdf,7th_maths/gemp110.pdf,/home/jiitcah.05/nlp_research_module/datasets/exemplar_raw/7th_maths/gemp110.pdf,27,6180b6f09ee9b5d3c49715f029eae06d718fe2b7c10b264b3f4821f2963389e3,Unit-10 Algebraic Expressions.pmd,dtpcell07
EXEMPLAR,gemp111.pdf,7th_maths/gemp111.pdf,/home/jiitcah.05/nlp_research_module/datasets/exemplar_raw/7th_maths/gemp111.pdf,23,4fe16bf193672c8b7f4c68ce09b82e094ccf5a8ad5a0c45f6ee0a3283210ed08,Unit-11 Exponents and Powers.pmd,dtpcell07
EXEMPLAR,gemp112.pdf,7th_maths/gemp112.pdf,/home/jiitcah.05/nlp_research_module/datasets/exemplar_raw/7th_maths/gemp112.pdf,30,5bb06917da051d80eb209fc7c9c157415dabf1fbf0e64ecef79c79b49ba9e8e7,Practical Geometry.pmd,dtpcell07
EXEMPLAR,gemp1a1.pdf,7th_maths/gemp1a1.pdf,/home/jiitcah.05/nlp_research_module/datasets/exemplar_raw/7th_maths/gemp1a1.pdf,46,3e48998bf06be27a97c4442c89768e06de183d3b172b8279a910452f1a567354,Answers.pmd,dtpcell07
EXEMPLAR,heep201.pdf,8th_maths/heep201.pdf,/home/jiitcah.05/nlp_research_module/datasets/exemplar_raw/8th_maths/heep201.pdf,32,02a3533a510521ad1f8414494ee635925dd14291d63a9c55e36eab287e3243d8,Rational Numbers 28-07-2010 (final).pmd,dtpcell6
EXEMPLAR,heep202.pdf,8th_maths/heep202.pdf,/home/jiitcah.05/nlp_research_module/datasets/exemplar_raw/8th_maths/heep202.pdf,40,902b639e6de16d4589c6869cbafea4afadb4f5115e402c39ad63821b258fae8e,Unit 2_Data Handling(final).pmd,dtpcell6
EXEMPLAR,heep203.pdf,8th_maths/heep203.pdf,/home/jiitcah.05/nlp_research_module/datasets/exemplar_raw/8th_maths/heep203.pdf,32,5d2d0123f995fd6e1035a6e4b847300ae73ca73c5e321b8ea6f0d91aac67ddec,Unit-3_Square and Square roots.pmd,dtpcell6
EXEMPLAR,heep204.pdf,8th_maths/heep204.pdf,/home/jiitcah.05/nlp_research_module/datasets/exemplar_raw/8th_maths/heep204.pdf,24,f3df5a8e9200ffdc283972def47320fa579ac19e42a0adf4029c38ab26f0bc27,Unit-4_Linear Equation in one variable.pmd,dtpcell6
EXEMPLAR,heep205.pdf,8th_maths/heep205.pdf,/home/jiitcah.05/nlp_research_module/datasets/exemplar_raw/8th_maths/heep205.pdf,42,33a4eb5f1b10eda38880c03ee721faa62c8fd6c4023776b00715060e250a7fef,Unit-5_ Understanding Quadrilaterals and Practical Geometry.pmd,dtpcell6
EXEMPLAR,heep206.pdf,8th_maths/heep206.pdf,/home/jiitcah.05/nlp_research_module/datasets/exemplar_raw/8th_maths/heep206.pdf,42,7ef50f42d6308b6e7f391ea1bb97b90410f27102f37dc9ab5002c543a8a254fb,Unit_6 Visualising Solid Shapes(final).pmd,dtpcell6
EXEMPLAR,heep207.pdf,8th_maths/heep207.pdf,/home/jiitcah.05/nlp_research_module/datasets/exemplar_raw/8th_maths/heep207.pdf,32,3dda6d974f5a2f02a96222c5b7e8dbfb41c44f804b6364ef20ede5a079fa31b2,Unit-7 Algebraic Expressions 11-02-2010.pmd,dtpcell6
EXEMPLAR,heep208.pdf,8th_maths/heep208.pdf,/home/jiitcah.05/nlp_research_module/datasets/exemplar_raw/8th_maths/heep208.pdf,36,ac89d6844996edb6ac629ae9fa4b0c43d59b7f7d3e0d7b58151d8fa0321c385c,Unit-8  Exponents and Powers.pmd,dtpcell6
EXEMPLAR,heep209.pdf,8th_maths/heep209.pdf,/home/jiitcah.05/nlp_research_module/datasets/exemplar_raw/8th_maths/heep209.pdf,28,9bd2062e223682dacaade3888861922ff6d36eab751ea4901a1e99e2ae06d09a,Unit-9 Comparing Quantities.pmd,dtpcell6
EXEMPLAR,heep210.pdf,8th_maths/heep210.pdf,/home/jiitcah.05/nlp_research_module/datasets/exemplar_raw/8th_maths/heep210.pdf,28,38218c18b1d5c68a11356e82170f2aa4ecbee8842b0001a592fc2d2eb9f70cd2,Unit-10_Direct and inverse proportion(final).pmd,dtpcell6
EXEMPLAR,heep211.pdf,8th_maths/heep211.pdf,/home/jiitcah.05/nlp_research_module/datasets/exemplar_raw/8th_maths/heep211.pdf,28,c2e668c3dad8d9e0a9372c7077661b84ee6d3ab57209d8c8d26feb012eb0fbfa,Unit-11_ Mensuration.pmd,dtpcell6
EXEMPLAR,heep212.pdf,8th_maths/heep212.pdf,/home/jiitcah.05/nlp_research_module/datasets/exemplar_raw/8th_maths/heep212.pdf,40,79fb229be5d20b7bd57d8ee748b71a03b0db18e8b6581a5146a516831a46e3df,Unit-12_Introduction to graphs final.pmd,dtpcell6
EXEMPLAR,heep213.pdf,8th_maths/heep213.pdf,/home/jiitcah.05/nlp_research_module/datasets/exemplar_raw/8th_maths/heep213.pdf,16,de0c9302ec340637b5df3ce63bdc98c069f964354802c7c173e490b2886f5e19,Unit-13_Playing with Numbers 16-02-2010.pmd,dtpcell6
EXEMPLAR,heep2an.pdf,8th_maths/heep2an.pdf,/home/jiitcah.05/nlp_research_module/datasets/exemplar_raw/8th_maths/heep2an.pdf,62,e654119b163fe3bc89d965579eef7502edd90bd455054d2f978aa8442f118800,Answers.pmd,dtpcell6
EXEMPLAR,ieep201.pdf,9th_maths/ieep201.pdf,/home/jiitcah.05/nlp_research_module/datasets/exemplar_raw/9th_maths/ieep201.pdf,12,6d412aa7f6ab7d3f9e91e70d8881c948058c8cb6cb42db3e8681595561fae91d,Ch_1.pmd,dtpcell6
EXEMPLAR,ieep202.pdf,9th_maths/ieep202.pdf,/home/jiitcah.05/nlp_research_module/datasets/exemplar_raw/9th_maths/ieep202.pdf,11,db227bf82f3b31c5214dfda8289c73f65c24d7d394c7df92fd1325bba8dace63,Ch_2.pmd,dtpcell6
EXEMPLAR,ieep203.pdf,9th_maths/ieep203.pdf,/home/jiitcah.05/nlp_research_module/datasets/exemplar_raw/9th_maths/ieep203.pdf,9,280acb72458c05ca86f37e037766593e932edc5e5ad677dab08ed15006a0ebf7,Ch_3.pmd,dtpcell6
EXEMPLAR,ieep204.pdf,9th_maths/ieep204.pdf,/home/jiitcah.05/nlp_research_module/datasets/exemplar_raw/9th_maths/ieep204.pdf,10,8ebba62713fd9c2fc03db02bf48309cc45f9f97d26138eb496115d68b6d19d05,Ch_4.pmd,dtpcell6
EXEMPLAR,ieep205.pdf,9th_maths/ieep205.pdf,/home/jiitcah.05/nlp_research_module/datasets/exemplar_raw/9th_maths/ieep205.pdf,11,dde549901a5db6cfdc0c85e3046c52888771e66590ebcee7cf07af2c136a468f,Ch_5.pmd,dtpcell6
EXEMPLAR,ieep206.pdf,9th_maths/ieep206.pdf,/home/jiitcah.05/nlp_research_module/datasets/exemplar_raw/9th_maths/ieep206.pdf,9,ca81acec0e3b0e1804bd76c1764a8ccb7db3dd850e0336254a06ea48d86731b1,Ch_6.pmd,dtpcell6
EXEMPLAR,ieep207.pdf,9th_maths/ieep207.pdf,/home/jiitcah.05/nlp_research_module/datasets/exemplar_raw/9th_maths/ieep207.pdf,9,271f907d0965c7549f06f719c986e08f0ccee6d1ac1d031876fea80b653b8af5,Ch_7.pmd,dtpcell6
EXEMPLAR,ieep208.pdf,9th_maths/ieep208.pdf,/home/jiitcah.05/nlp_research_module/datasets/exemplar_raw/9th_maths/ieep208.pdf,12,0d130710ba10f8294df8593ad456c9c839f15b1411d68fd7456a15a67bb23cde,Ch_8.pmd,dtpcell6
EXEMPLAR,ieep209.pdf,9th_maths/ieep209.pdf,/home/jiitcah.05/nlp_research_module/datasets/exemplar_raw/9th_maths/ieep209.pdf,13,d54ea27581bf5d88eec25e938375a68c343d4edf786932527995f963265de130,Ch_9.pmd,dtpcell6
EXEMPLAR,ieep210.pdf,9th_maths/ieep210.pdf,/home/jiitcah.05/nlp_research_module/datasets/exemplar_raw/9th_maths/ieep210.pdf,11,218defd0de09c3d40d617612bad5c11efb3ad86a280d54318155808220343deb,Ch_10.pmd,dtpcell6
EXEMPLAR,ieep211.pdf,9th_maths/ieep211.pdf,/home/jiitcah.05/nlp_research_module/datasets/exemplar_raw/9th_maths/ieep211.pdf,4,218e662c13bfe2d9ba1f7f4aa4f8795a3a4e88ec8051aa389b6891eb3be89b8b,Ch_11.pmd,dtpcell6
EXEMPLAR,ieep212.pdf,9th_maths/ieep212.pdf,/home/jiitcah.05/nlp_research_module/datasets/exemplar_raw/9th_maths/ieep212.pdf,9,177fa04030f388f23e8bf83601e04cd9f054c703254e460f5bebdc4779b4ab8e,Ch_12.pmd,dtpcell6
EXEMPLAR,ieep213.pdf,9th_maths/ieep213.pdf,/home/jiitcah.05/nlp_research_module/datasets/exemplar_raw/9th_maths/ieep213.pdf,8,2743fa3a384c3ecf1943a7efe4dd8d852d9c7000f95bc4b88197a9897935be02,Ch_13.pmd,dtpcell6
EXEMPLAR,ieep214.pdf,9th_maths/ieep214.pdf,/home/jiitcah.05/nlp_research_module/datasets/exemplar_raw/9th_maths/ieep214.pdf,21,dfcd900ecbea51943231e227cee0788b8ee9d7e99be3ce10a12730193a54ebbe,Ch_14.pmd,dtpcell6
EXEMPLAR,ieep215.pdf,9th_maths/ieep215.pdf,/home/jiitcah.05/nlp_research_module/datasets/exemplar_raw/9th_maths/ieep215.pdf,15,02c9629b43f27b31492a164d50ef983e0a04a9bd1a7cff092bc840d5d9c62994,Question Paper_1.pmd,dtpcell6
EXEMPLAR,ieep216.pdf,9th_maths/ieep216.pdf,/home/jiitcah.05/nlp_research_module/datasets/exemplar_raw/9th_maths/ieep216.pdf,17,874ee7438740a5be022f68a54a0edfe3a6a4eeb373e38cf739e80b062fd2b4f3,Question Paper_2.pmd,dtpcell6
